customer_lifetime_value,income,monthly_premium_auto,months_since_last_claim,months_since_policy_inception,number_of_open_complaints,number_of_policies,total_claim_amount
customer_lifetime_value,1.0,0.006766673066595615,0.3192652586541774,-0.0007325424868844158,-0.008522055158321364,-0.03208802415741016,0.08408224576918298,0.14810025837786853
income,0.006766673066595615,1.0,0.0008693613046854271,-0.014153568911502821,0.013594294259887191,0.009198126493815382,-0.0013803558220965408,-0.11744188776397232
monthly_premium_auto,0.3192652586541774,0.0008693613046854271,1.0,-0.005498070279102151,0.007215956234541668,-0.009182741199230725,-0.010023755657467139,0.5550137297111827
months_since_last_claim,-0.0007325424868844158,-0.014153568911502821,-0.005498070279102151,1.0,-0.043138570147630804,0.0019434078404252232,0.0048736955294287326,-0.008153080179291426
months_since_policy_inception,-0.008522055158321364,0.013594294259887191,0.007215956234541668,-0.043138570147630804,1.0,0.006365210777252299,-0.007021514900566434,-0.010450201486686652
number_of_open_complaints,-0.03208802415741016,0.009198126493815382,-0.009182741199230725,0.0019434078404252232,0.006365210777252299,1.0,0.0026907383465922955,-0.01071718983086328
number_of_policies,0.08408224576918298,-0.0013803558220965408,-0.010023755657467139,0.0048736955294287326,-0.007021514900566434,0.0026907383465922955,1.0,-0.0005236324885983647
total_claim_amount,0.14810025837786853,-0.11744188776397232,0.5550137297111827,-0.008153080179291426,-0.010450201486686652,-0.01071718983086328,-0.0005236324885983647,1.0
